{
  "notes": "string",
  "totalAmount": {
    "currency": "string",
    "value": 0,
    "symbol": "string"
  },
  "amountPaid": {
    "currency": "string",
    "value": 0,
    "symbol": "string"
  },
  "amountPending": {
    "currency": "string",
    "value": 0,
    "symbol": "string"
  },
  "orderSource": {
    "dataCode": "string",
    "label": "string"
  },
  "orderType": {
    "dataCode": "string",
    "label": "string"
  },
  "paymentMode": {
    "dataCode": "string",
    "label": "string"
  },
  "paymentNotes": "string",
  "transactionDate": "2019-03-12T04:19:34.515Z",
  "validUntil": "2019-03-12T04:19:34.515Z",
  "orderStatus": {
    "dataCode": "string",
    "label": "string"
  },
  "orderLineItem": [
    {
      "description": "string",
      "expectedDelivery": "2019-03-12T04:19:52.900Z",
      "name": "string",
      "notes": "string",
      "quantity": 0,
      "transactionDate": "2019-03-12T04:19:52.901Z",
      "updatedDateTime": "2019-03-12T04:19:52.901Z",
      "productSKUId": 0,
      "billingAddress": {
        "addressLine1": "string",
        "addressLine2": "string",
        "city": {
          "dataCode": "string",
          "label": "string"
        },
        "country": {
          "dataCode": "string",
          "label": "string"
        },
        "landmark": "string",
        "latitude": 0,
        "longitude": 0,
        "notes": "string",
        "pinCode": "string",
        "state": {
          "dataCode": "string",
          "label": "string"
        },
        "primaryAddress": true,
        "userAddressType": {
          "dataCode": "string",
          "label": "string"
        }
      },
      "orderReceiverContactList": [
        {
          "primaryContact": true,
          "contactType": "string",
          "contactValue": "string"
        }
      ],
      "receiverName": "string",
      "shippingAddress": {
        "addressLine1": "string",
        "addressLine2": "string",
        "city": {
          "dataCode": "string",
          "label": "string"
        },
        "country": {
          "dataCode": "string",
          "label": "string"
        },
        "landmark": "string",
        "latitude": 0,
        "longitude": 0,
        "notes": "string",
        "pinCode": "string",
        "state": {
          "dataCode": "string",
          "label": "string"
        },
        "primaryAddress": true,
        "userAddressType": {
          "dataCode": "string",
          "label": "string"
        }
      },
      "receiverEnitityId": 0,
      "receiverEntityType": "string",
      "senderEnitityId": 0,
      "senderEntityType": "string"
    }
  ]
}